player,position,team,age,birth_year,minutes_90s,passes,passes_live,passes_dead,passes_free_kicks,through_balls,passes_switches,crosses,throw_ins,corner_kicks,corner_kicks_in,corner_kicks_out,corner_kicks_straight,passes_completed,passes_offsides,passes_blocked
Aaron Mooy,MF,Australia,32-087,1990,4.0,217,206,11,8,0,4,10,0,3,0,3,0,170,0,4
Aaron Ramsey,MF,Wales,31-350,1990,3.0,112,101,10,3,0,3,5,0,1,0,1,0,88,1,3
Abdelhamid Sabiri,MF,Morocco,26-013,1996,1.5,48,45,3,2,0,2,1,0,1,0,0,0,36,0,1
Abdelkarim Hassan,DF,Qatar,29-105,1993,3.0,161,148,13,11,0,10,6,2,0,0,0,0,122,0,8
Abderrazak Hamdallah,FW,Morocco,31-359,1990,0.5,9,9,0,0,0,0,0,0,0,0,0,0,6,0,0
Abdessamad Ezzalzouli,FW,Morocco,20-359,2001,0.9,9,9,0,0,0,0,1,0,0,0,0,0,6,0,0
Abdou Diallo,DF,Senegal,26-221,1996,3.7,186,165,20,12,0,4,3,8,0,0,0,0,139,1,1
Abdul Fatawu Issahaku,FW,Ghana,18-278,2004,0.0,1,0,1,0,0,0,0,1,0,0,0,0,1,0,0
Abdulaziz Hatem,MF,Qatar,32-044,1990,2.2,91,84,6,4,0,0,1,0,1,1,0,0,72,1,4
Abdulelah Al-Amri,DF,Saudi Arabia,25-330,1997,2.0,104,99,5,4,0,6,1,1,0,0,0,0,74,0,1
Abdulellah Al-Malki,MF,Saudi Arabia,28-061,1994,1.9,84,78,6,6,0,0,1,0,0,0,0,0,66,0,1
Abdullah Madu,DF,Saudi Arabia,29-149,1993,0.5,13,12,1,1,0,0,0,0,0,0,0,0,5,0,1
Abdulrahman Al-Aboud,MF,Saudi Arabia,27-193,1995,0.4,13,13,0,0,0,0,2,0,0,0,0,0,8,0,2
Abolfazl Jalali,DF,IR Iran,24-168,1998,0.2,29,21,8,1,0,0,2,7,0,0,0,0,20,0,1
Achraf Dari,DF,Morocco,23-219,1999,0.4,7,7,0,0,0,0,0,0,0,0,0,0,4,0,0
Achraf Hakimi,DF,Morocco,24-037,1998,5.0,240,186,53,6,1,2,7,47,0,0,0,0,191,1,4
Adrien Rabiot,MF,France,27-252,1995,4.3,231,228,2,0,0,1,6,2,0,0,0,0,196,1,4
Agustín Canobbio,MF,Uruguay,24-071,1998,0.1,7,7,0,0,0,0,0,0,0,0,0,0,5,0,0
Ahmad Nourollahi,MF,IR Iran,29-312,1993,2.5,54,52,1,0,0,0,3,0,0,0,0,0,35,1,0
Ahmed Alaaeldin,FW,Qatar,29-314,1993,0.1,2,2,0,0,0,0,0,0,0,0,0,0,0,0,1
Aimen Dahmen,GK,Tunisia,25-317,1997,3.0,77,54,23,5,0,2,0,0,0,0,0,0,48,0,0
Ajdin Hrustic,MF,Australia,26-159,1996,0.7,21,19,2,1,0,1,1,1,0,0,0,0,17,0,0
Akram Afif,FW,Qatar,26-023,1996,3.0,165,142,22,8,1,2,13,2,6,4,1,0,139,1,4
Alan Franco,MF,Ecuador,24-112,1998,0.5,11,11,0,0,0,0,0,0,0,0,0,0,10,0,0
Alejandro Balde,DF,Spain,19-054,2003,1.4,123,111,12,1,1,0,2,11,0,0,0,0,112,0,0
Aleksandar Mitrović,FW,Serbia,28-086,1994,2.9,69,57,11,0,0,2,1,0,0,0,0,0,54,1,1
Alex Sandro,DF,Brazil,31-319,1991,2.1,169,144,24,3,0,0,4,21,0,0,0,0,150,1,2
Alex Telles,DF,Brazil,29-361,1992,0.7,42,37,5,2,0,0,3,3,0,0,0,0,33,0,0
Alexander Bah,DF,Denmark,25-002,1997,0.5,53,46,7,0,0,0,4,7,0,0,0,0,37,0,1
Alexander Djiku,DF,Ghana,28-124,1994,1.1,28,27,1,1,0,0,0,0,0,0,0,0,22,0,0
Alexis Mac Allister,MF,Argentina,23-352,1998,3.9,176,176,0,0,0,1,1,0,0,0,0,0,160,0,1
Alexis Vega,FW,Mexico,25-016,1997,2.1,56,50,6,2,2,0,6,0,4,0,3,0,40,0,2
Ali Abdi,DF,Tunisia,28-356,1993,2.1,116,87,28,0,0,0,5,27,1,1,0,0,72,1,5
Ali Al Hassan,MF,Saudi Arabia,25-282,1997,0.5,7,6,1,1,0,0,1,0,0,0,0,0,4,0,1
Ali Al-Bulaihi,DF,Saudi Arabia,33-020,1989,2.4,97,87,10,4,0,1,0,6,0,0,0,0,78,0,0
Ali Assadalla,MF,Qatar,29-326,1993,0.3,23,23,0,0,0,0,0,0,0,0,0,0,21,0,0
Ali Gholizadeh,MF,IR Iran,26-276,1996,2.2,72,66,6,0,1,2,4,3,3,2,0,0,46,0,2
Ali Karimi,MF,IR Iran,28-303,1994,1.1,45,44,1,1,0,0,2,0,0,0,0,0,34,0,2
Ali Maâloul,DF,Tunisia,32-344,1990,1.0,63,43,19,1,0,1,13,12,6,5,1,0,39,1,2
Alidu Seidu,DF,Ghana,22-190,2000,1.7,78,62,16,2,0,0,6,14,0,0,0,0,59,0,2
Alireza Beiranvand,GK,IR Iran,30-081,1992,1.2,31,22,9,0,0,0,0,0,0,0,0,0,20,0,0
Alireza Jahanbakhsh,MF,IR Iran,29-122,1993,0.7,17,14,2,1,0,0,1,0,0,0,0,0,11,1,1
Alisson,GK,Brazil,30-070,1992,4.2,93,65,28,9,0,0,0,0,0,0,0,0,80,0,1
Alistair Johnston,DF,Canada,24-064,1998,3.0,186,145,41,6,0,1,8,35,0,0,0,0,147,0,3
Almoez Ali,FW,Qatar,26-114,1996,2.5,45,42,3,0,0,0,0,0,0,0,0,0,33,0,1
Alphonso Davies,MF,Canada,22-039,2000,3.0,114,84,27,5,1,1,10,15,5,3,1,0,82,3,5
Amadou Onana,MF,Belgium,21-117,2001,1.2,64,63,0,0,1,0,0,0,0,0,0,0,58,1,0
Andre-Frank Zambo Anguissa,MF,Cameroon,27-025,1995,2.9,130,127,3,2,0,0,2,1,0,0,0,0,113,0,1
Andreas Christensen,DF,Denmark,26-245,1996,3.0,251,249,2,2,0,0,0,0,0,0,0,0,237,0,0
Andreas Cornelius,FW,Denmark,29-270,1993,1.0,34,33,1,0,0,0,1,0,0,0,0,0,21,0,0
Andreas Skov Olsen,FW,Denmark,22-347,1999,1.5,63,58,5,0,0,1,4,4,1,0,0,0,43,0,7
Andrej Kramarić,FW,Croatia,31-175,1991,3.8,124,119,5,0,0,1,5,2,0,0,0,0,108,0,2
Andries Noppert,GK,Netherlands,28-248,1994,5.3,192,145,47,7,0,1,0,0,0,0,0,0,157,0,1
Andrija Živković,DF,Serbia,26-153,1996,2.3,96,78,17,1,2,0,8,16,0,0,0,0,71,1,2
André Ayew,MF,Ghana,32-359,1989,2.2,37,30,7,1,0,0,0,1,0,0,0,0,30,0,0
André Onana,GK,Cameroon,26-253,1996,0.9,59,44,15,6,0,0,0,0,0,0,0,0,45,0,0
André Silva,FW,Portugal,27-035,1995,0.3,11,10,1,0,0,0,0,0,0,0,0,0,9,0,0
Andrés Guardado,MF,Mexico,36-074,1986,0.5,16,14,2,1,0,0,0,0,0,0,0,0,11,0,1
Anis Ben Slimane,MF,Tunisia,21-270,2001,1.6,46,37,8,0,0,0,8,2,6,2,3,1,29,1,2
Ansu Fati,FW,Spain,20-041,2002,0.5,29,28,1,0,0,0,1,0,1,0,0,0,25,0,1
Ante Budimir,FW,Croatia,31-142,1991,0.6,5,5,0,0,0,0,0,0,0,0,0,0,2,0,1
Anthony Contreras,FW,Costa Rica,22-316,2000,1.4,26,23,3,0,0,0,1,1,0,0,0,0,15,0,2
Antoine Griezmann,MF,France,31-265,1991,4.2,266,226,38,13,3,5,31,0,24,10,10,0,211,2,3
Antoine Semenyo,FW,Ghana,22-338,2000,0.2,2,2,0,0,0,0,0,0,0,0,0,0,1,0,0
Antonee Robinson,DF,United States,25-125,1997,4.0,241,205,36,4,0,1,21,32,0,0,0,0,173,0,7
Antonio Rüdiger,DF,Germany,29-283,1993,3.0,252,242,9,6,0,2,0,2,0,0,0,0,229,1,1
Antony,FW,Brazil,22-290,2000,1.9,109,100,9,1,0,0,10,0,8,4,0,0,86,0,1
António Silva,DF,Portugal,19-042,2003,1.0,62,60,2,2,0,2,0,0,0,0,0,0,60,0,0
Ao Tanaka,MF,Japan,24-092,1998,1.9,69,66,3,1,0,0,2,0,0,0,0,0,48,0,0
Ardon Jasari,FW,Switzerland,20-134,2002,0.0,6,6,0,0,0,0,0,0,0,0,0,0,5,0,0
Arkadiusz Milik,FW,Poland,28-286,1994,1.1,29,29,0,0,0,1,0,0,0,0,0,0,19,0,3
Artur Jędrzejczyk,DF,Poland,35-037,1987,0.2,4,3,1,0,0,0,0,1,0,0,0,0,3,0,0
Asiri Haitham,FW,Saudi Arabia,21-261,2001,0.0,2,2,0,0,0,0,0,0,0,0,0,0,1,0,0
Assim Madibo,MF,Qatar,26-050,1996,1.7,70,67,3,3,0,0,0,0,0,0,0,0,58,0,1
Atiba Hutchinson,MF,Canada,39-306,1983,1.8,112,108,4,4,0,0,0,0,0,0,0,0,100,0,3
Aurélien Tchouaméni,MF,France,22-318,2000,4.6,355,349,5,5,0,2,3,0,0,0,0,0,331,1,0
Awer Mabil,MF,Australia,27-087,1995,0.3,14,13,1,0,0,1,0,1,0,0,0,0,10,0,1
Axel Disasi,DF,France,24-275,1998,1.0,78,61,17,1,0,0,2,16,0,0,0,0,61,0,1
Axel Witsel,MF,Belgium,33-333,1989,3.0,177,161,16,15,0,0,0,1,0,0,0,0,169,0,1
Ayase Ueda,FW,Japan,24-092,1998,0.5,12,12,0,0,1,0,0,0,0,0,0,0,7,0,0
Aymeric Laporte,DF,Spain,28-198,1994,3.3,438,424,14,9,0,3,0,3,0,0,0,0,413,0,2
Aziz Behich,DF,Australia,31-360,1990,4.0,203,156,47,3,0,0,5,44,0,0,0,0,152,0,5
Azzedine Ounahi,MF,Morocco,22-236,2000,4.9,162,158,2,2,1,1,2,0,0,0,0,0,126,2,5
Aïssa Laïdouni,MF,Tunisia,25-363,1996,2.7,123,118,5,3,0,1,3,2,0,0,0,0,99,0,3
Baba Rahman,DF,Ghana,28-162,1994,2.0,100,75,24,1,0,0,11,20,3,0,3,0,66,1,3
Badr Banoun,DF,Morocco,29-072,1993,0.3,1,1,0,0,0,0,0,0,0,0,0,0,0,0,0
Bailey Wright,DF,Australia,30-136,1992,0.2,3,3,0,0,0,0,0,0,0,0,0,0,1,0,0
Bamba Dieng,FW,Senegal,22-263,2000,1.1,16,15,1,0,0,0,1,0,0,0,0,0,9,0,1
Bartosz Bereszyński,DF,Poland,30-152,1992,3.8,156,112,44,5,0,0,4,39,0,0,0,0,122,0,6
Bassam Al-Rawi,DF,Qatar,24-360,1997,1.0,57,53,4,4,1,2,0,0,0,0,0,0,47,0,1
Ben Davies,DF,Wales,29-231,1993,2.6,161,135,25,8,0,5,0,17,0,0,0,0,122,1,7
Benjamin Pavard,DF,France,26-258,1996,1.0,90,84,6,1,0,1,1,5,0,0,0,0,82,0,0
Bernardo Silva,MF,Portugal,28-123,1994,4.0,292,274,17,10,0,2,5,2,5,0,0,0,256,1,8
Borna Barišić,DF,Croatia,30-031,1992,1.3,69,56,13,2,0,0,11,11,0,0,0,0,50,0,0
Borna Sosa,DF,Croatia,24-324,1998,4.2,245,204,40,2,0,1,18,38,0,0,0,0,195,1,4
Boualem Khoukhi,DF,Qatar,32-155,1990,3.0,197,184,12,10,0,1,0,1,0,0,0,0,169,1,1
Boulaye Dia,FW,Senegal,26-025,1996,3.5,53,51,1,0,0,0,1,0,0,0,0,0,39,1,2
Brandon Aguilera,MF,Costa Rica,19-166,2003,1.0,38,35,2,2,0,1,1,0,0,0,0,0,27,1,2
Breel Embolo,FW,Switzerland,25-300,1997,3.6,62,53,8,0,0,0,0,0,0,0,0,0,46,1,2
Brenden Aaronson,MF,United States,22-050,2000,1.2,50,46,4,0,0,0,3,1,3,2,1,0,41,0,3
Brennan Johnson,FW,Wales,21-202,2001,1.0,17,16,1,0,0,0,1,1,0,0,0,0,10,0,1
Bruno Fernandes,FW,Portugal,28-094,1994,4.0,233,200,33,11,3,17,26,6,16,2,9,0,188,0,7
Bruno Guimarães,MF,Brazil,25-025,1997,0.8,54,51,2,1,0,0,3,0,1,1,0,0,43,1,2
Bruno Petković,FW,Croatia,28-086,1994,1.9,52,49,2,0,0,2,1,0,0,0,0,0,28,1,3
Bryan Mbeumo,FW,Cameroon,23-126,1999,2.6,85,74,11,5,0,0,12,0,6,3,2,0,49,0,3
Bryan Oviedo,DF,Costa Rica,32-296,1990,2.9,89,77,10,1,0,0,2,9,0,0,0,0,67,2,5
Bryan Ruiz,MF,Costa Rica,37-115,1985,0.3,12,9,1,0,0,0,0,0,0,0,0,0,8,2,0
Bukayo Saka,FW,England,21-097,2001,3.2,108,103,5,1,0,1,5,2,0,0,0,0,84,0,4
Callum Wilson,FW,England,30-287,1992,0.5,10,9,1,0,0,0,0,0,0,0,0,0,9,0,0
Cameron Carter-Vickers,DF,United States,24-345,1997,1.0,58,54,4,4,0,1,0,0,0,0,0,0,50,0,0
Carlos Gruezo,MF,Ecuador,27-236,1995,0.5,15,15,0,0,0,0,0,0,0,0,0,0,15,0,0
Carlos Martínez,DF,Costa Rica,23-256,1999,0.5,15,9,6,1,0,0,0,5,0,0,0,0,10,0,0
Carlos Soler,MF,Spain,25-343,1997,1.0,83,78,4,1,0,1,3,1,2,1,1,0,78,1,1
Casemiro,MF,Brazil,30-291,1992,4.3,251,246,4,4,1,3,2,0,0,0,0,0,208,1,3
Celso Borges,MF,Costa Rica,34-198,1988,2.8,120,111,7,7,1,3,2,0,0,0,0,0,98,2,1
Charles De Ketelaere,FW,Belgium,21-276,2001,0.2,4,4,0,0,0,0,0,0,0,0,0,0,3,0,0
Charly Rodríguez,MF,Mexico,25-342,1997,0.4,30,29,0,0,1,1,1,0,0,0,0,0,21,1,1
Cheikhou Kouyaté,MF,Senegal,32-355,1989,0.8,23,22,1,0,0,0,2,0,0,0,0,0,19,0,1
Cho Guesung,FW,Korea Republic,24-320,1998,3.1,63,56,7,0,0,0,1,0,0,0,0,0,40,0,0
Cho Yumin,FW,Korea Republic,26-024,1996,0.0,0,0,0,0,0,0,0,0,0,0,0,0,0,0,0
Chris Mepham,DF,Wales,25-036,1997,3.0,172,167,5,3,0,0,0,2,0,0,0,0,141,0,0
Christian Bassogog,MF,Cameroon,27-054,1995,0.3,9,9,0,0,0,0,2,0,0,0,0,0,5,0,3
Christian Eriksen,MF,Denmark,30-300,1992,3.0,230,196,32,10,0,3,30,2,20,3,9,8,188,2,2
Christian Fassnacht,FW,Switzerland,29-030,1993,0.1,10,10,0,0,0,0,0,0,0,0,0,0,7,0,0
Christian Nørgaard,MF,Denmark,28-276,1994,0.1,15,15,0,0,0,0,0,0,0,0,0,0,14,0,0
Christian Pulisic,FW,United States,24-084,1998,3.5,141,118,23,4,2,0,31,0,19,12,5,1,83,0,7
Christopher Wooh,DF,Cameroon,21-084,2001,1.0,31,27,4,4,0,0,0,0,0,0,0,0,25,0,0
Cody Gakpo,FW,Netherlands,23-218,1999,5.0,148,120,27,7,1,0,33,4,16,6,8,0,93,1,5
Collins Fai,DF,Cameroon,30-120,1992,3.0,146,118,28,4,1,1,13,24,0,0,0,0,99,0,4
Connor Roberts,DF,Wales,27-079,1995,2.2,118,99,19,0,0,0,7,19,0,0,0,0,92,0,3
Craig Goodwin,MF,Australia,30-360,1991,2.6,95,84,11,3,0,0,18,4,4,3,1,0,58,0,4
Cristian Romero,DF,Argentina,24-228,1998,3.7,272,265,7,6,0,0,0,1,0,0,0,0,249,0,0
Cristiano Ronaldo,FW,Portugal,37-309,1985,3.2,90,82,8,1,0,0,2,2,0,0,0,0,68,0,3
Cyle Larin,FW,Canada,27-238,1995,1.5,29,29,0,0,0,0,3,0,0,0,0,0,21,0,3
César Azpilicueta,DF,Spain,33-105,1989,1.5,181,162,18,7,1,0,3,11,0,0,0,0,171,1,1
César Montes,DF,Mexico,25-290,1997,3.0,197,192,3,2,0,3,0,1,0,0,0,0,159,2,3
Daichi Kamada,FW,Japan,26-128,1996,3.6,104,92,12,2,0,2,5,1,6,2,3,0,83,0,2
Daizen Maeda,FW,Japan,25-052,1997,2.0,17,15,2,0,0,0,0,0,0,0,0,0,8,0,0
Daley Blind,DF,Netherlands,32-277,1990,4.7,300,266,34,4,0,2,6,29,1,0,0,0,252,0,1
Damian Szymański,MF,Poland,27-178,1995,0.3,8,8,0,0,0,0,0,0,0,0,0,0,8,0,0
Dani Alves,DF,Brazil,39-219,1983,1.3,97,82,15,4,0,0,6,11,0,0,0,0,83,0,0
Dani Carvajal,DF,Spain,30-334,1992,1.5,135,109,26,7,0,0,0,19,0,0,0,0,121,0,4
Dani Olmo,FW,Spain,24-218,1998,4.1,198,180,17,3,3,1,10,0,14,1,3,0,162,1,6
Daniel Amartey,DF,Ghana,27-355,1994,2.8,141,136,5,5,0,1,0,0,0,0,0,0,128,0,3
Daniel Chacón,MF,Costa Rica,21-244,2001,0.0,1,1,0,0,0,0,0,0,0,0,0,0,1,0,0
Daniel James,FW,Wales,25-031,1997,1.7,36,32,3,0,0,0,4,1,1,0,0,0,24,1,0
Daniel Kyereh,MF,Ghana,26-278,1996,0.4,23,19,4,1,0,0,5,0,3,2,1,0,18,0,0
Danilo,DF,Brazil,31-149,1991,3.1,269,245,23,2,0,2,8,21,0,0,0,0,230,1,2
Danilo Pereira,DF,Portugal,31-093,1991,1.0,78,76,2,2,0,1,0,0,0,0,0,0,68,0,1
Danny Ward,GK,Wales,29-172,1993,1.0,39,25,14,5,0,0,0,0,0,0,0,0,24,0,0
Darko Lazović,DF,Serbia,32-087,1990,0.3,12,12,0,0,0,0,1,0,0,0,0,0,7,0,1
Darwin Núñez,FW,Uruguay,23-170,1999,2.7,56,53,3,0,0,0,4,1,0,0,0,0,35,0,1
David Raum,DF,Germany,24-233,1998,2.7,195,153,40,8,0,1,24,25,7,0,7,0,153,2,3
David Wotherspoon,MF,Canada,32-329,1990,0.2,7,7,0,0,0,0,1,0,0,0,0,0,4,0,0
Davy Klaassen,MF,Netherlands,29-293,1993,2.1,77,77,0,0,1,0,2,0,0,0,0,0,59,0,1
Dayot Upamecano,DF,France,24-045,1998,4.0,283,279,4,3,0,5,0,1,0,0,0,0,259,0,3
DeAndre Yedlin,DF,United States,29-155,1993,0.4,28,23,5,0,0,0,4,5,0,0,0,0,19,0,0
Declan Rice,MF,England,23-331,1999,4.6,322,320,2,2,0,3,4,0,0,0,0,0,300,0,4
Dejan Lovren,DF,Croatia,33-159,1989,5.7,385,373,11,10,0,7,3,1,0,0,0,0,339,1,4
Denis Odoi,DF,Ghana,34-198,1988,0.1,2,1,1,0,0,0,0,1,0,0,0,0,2,0,0
Denis Zakaria,MF,Switzerland,26-021,1996,0.7,23,21,2,2,0,0,0,0,0,0,0,0,20,0,0
Denzel Dumfries,DF,Netherlands,26-237,1996,5.3,217,167,50,0,0,0,8,50,0,0,0,0,149,0,8
Devis Epassy,GK,Cameroon,29-312,1993,2.0,83,51,32,7,0,1,0,0,0,0,0,0,57,0,0
Diego Godín,DF,Uruguay,36-298,1986,1.7,103,101,2,2,0,0,0,0,0,0,0,0,87,0,0
Diogo Costa,GK,Portugal,23-083,1999,5.0,160,117,41,6,0,0,0,0,0,0,0,0,113,2,1
Diogo Dalot,DF,Portugal,23-268,1999,2.9,147,127,19,1,0,2,9,18,0,0,0,0,112,1,2
Djibril Sow,MF,Switzerland,25-308,1997,2.9,97,94,3,1,0,0,1,0,0,0,0,0,84,0,1
Djorkaeff Reasco,FW,Ecuador,23-327,1999,0.3,2,2,0,0,0,0,0,0,0,0,0,0,2,0,0
Dominik Livaković,GK,Croatia,27-336,1995,5.7,164,121,43,9,0,0,0,0,0,0,0,0,137,0,1
Dries Mertens,MF,Belgium,35-219,1987,0.8,33,30,3,0,0,0,5,0,3,2,1,0,22,0,1
Dušan Tadić,MF,Serbia,34-021,1988,2.9,127,108,17,7,2,1,17,1,9,4,5,0,90,2,3
Dušan Vlahović,FW,Serbia,22-317,2000,0.9,11,11,0,0,0,0,0,0,0,0,0,0,6,0,0
Dylan Bronn,DF,Tunisia,27-175,1995,1.8,98,89,8,3,1,1,0,5,0,0,0,0,75,1,2
Eden Hazard,MF,Belgium,31-338,1991,1.4,58,58,0,0,1,0,1,0,0,0,0,0,46,0,2
Ederson,GK,Brazil,29-116,1993,1.0,31,25,6,0,0,0,0,0,0,0,0,0,28,0,0
Edimilson Fernandes,FW,Switzerland,26-240,1996,1.6,82,68,14,1,0,0,5,13,0,0,0,0,65,0,2
Edinson Cavani,FW,Uruguay,35-300,1987,1.4,37,36,1,0,0,0,0,0,1,0,0,0,27,0,2
Edouard Mendy,GK,Senegal,30-285,1992,4.0,120,83,37,11,0,2,0,0,0,0,0,0,88,0,0
Edson Álvarez,MF,Mexico,25-048,1997,1.9,114,111,3,3,1,0,0,0,0,0,0,0,86,0,1
Eduardo Camavinga,DF,France,20-031,2002,1.0,78,67,11,2,0,0,2,9,0,0,0,0,67,0,3
Ehsan Hajsafi,MF,IR Iran,32-289,1990,2.6,98,82,16,6,1,1,11,7,3,0,3,0,61,0,3
Ellyes Skhiri,MF,Tunisia,27-215,1995,3.0,127,122,5,3,0,1,2,1,0,0,0,0,109,0,1
Emiliano Martínez,GK,Argentina,30-100,1992,5.3,131,98,32,8,0,0,0,0,0,0,0,0,92,1,1
Enner Valencia,FW,Ecuador,33-037,1989,2.8,57,54,3,0,0,0,3,1,0,0,0,0,40,0,5
Enzo Ebosse,DF,Cameroon,23-275,1999,1.0,38,33,5,4,0,0,0,1,0,0,0,0,34,0,1
Enzo Fernández,MF,Argentina,21-328,2001,3.9,332,322,10,9,1,1,2,1,0,0,0,0,293,0,4
Eray Cömert,DF,Switzerland,24-310,1998,0.5,42,41,1,1,0,0,0,0,0,0,0,0,38,0,0
Eric Dier,DF,England,28-330,1994,0.4,41,40,1,1,0,0,0,0,0,0,0,0,40,0,0
Eric Maxim Choupo-Moting,FW,Cameroon,33-263,1989,2.8,66,59,7,0,0,0,0,0,0,0,0,0,44,0,1
Erick Gutiérrez,MF,Mexico,27-179,1995,0.5,29,28,1,1,0,0,0,0,0,0,0,0,24,0,0
Ethan Ampadu,MF,Wales,22-088,2000,2.8,144,134,9,4,1,2,2,5,0,0,0,0,108,1,5
Everton Ribeiro,MF,Brazil,33-245,1989,0.4,18,17,1,0,0,0,2,0,1,0,1,0,15,0,0
Exequiel Palacios,MF,Argentina,24-067,1998,0.4,13,11,1,1,0,0,0,0,0,0,0,0,11,1,0
Fabian Frei,MF,Switzerland,33-337,1989,0.3,14,14,0,0,0,0,0,0,0,0,0,0,9,0,0
Fabian Rieder,FW,Switzerland,20-298,2002,0.8,26,24,2,0,0,1,1,0,2,0,1,0,13,0,0
Fabian Schär,DF,Switzerland,30-356,1991,1.5,82,74,8,8,0,4,0,0,0,0,0,0,65,0,0
Fabinho,MF,Brazil,29-049,1993,1.0,57,54,3,3,0,0,0,0,0,0,0,0,51,0,1
Facundo Pellistri,MF,Uruguay,20-356,2001,2.0,46,46,0,0,0,0,3,0,0,0,0,0,32,0,3
Famara Diedhiou,FW,Senegal,29-361,1992,1.0,14,14,0,0,0,0,0,0,0,0,0,0,10,0,2
Federico Valverde,MF,Uruguay,24-142,1998,3.0,189,175,13,8,1,3,7,1,4,0,3,0,159,1,1
Ferjani Sassi,MF,Tunisia,30-268,1992,0.5,34,33,0,0,0,0,0,0,0,0,0,0,25,1,0
Ferrán Torres,FW,Spain,22-285,2000,2.4,85,85,0,0,0,0,9,0,0,0,0,0,59,0,7
Filip Kostić,DF,Serbia,30-040,1992,2.0,113,89,24,2,1,0,16,22,0,0,0,0,72,0,5
Filip Mladenović,DF,Serbia,31-118,1991,0.7,25,18,7,0,0,0,1,7,0,0,0,0,20,0,1
Filip Đuričić,MF,Serbia,30-315,1992,0.2,6,5,1,0,0,0,0,1,0,0,0,0,5,0,0
Firas Al-Buraikan,MF,Saudi Arabia,22-211,2000,3.0,63,62,0,0,0,0,2,0,0,0,0,0,42,1,7
Fodé Ballo-Touré,DF,Senegal,25-342,1997,0.1,8,7,1,0,0,0,2,1,0,0,0,0,5,0,1
Fran Karačić,DF,Australia,26-213,1996,1.0,54,43,11,0,0,0,5,11,0,0,0,0,33,0,1
Francisco Calvo,DF,Costa Rica,30-156,1992,2.0,104,93,11,4,0,3,0,6,0,0,0,0,86,0,0
Fred,MF,Brazil,29-281,1993,1.6,83,80,3,2,0,0,0,1,0,0,0,0,71,0,1
Frenkie de Jong,MF,Netherlands,25-213,1997,5.3,364,357,7,4,0,2,3,3,0,0,0,0,323,0,4
Félix Torres Caicedo,DF,Ecuador,25-334,1997,3.0,208,196,10,10,0,1,0,0,0,0,0,0,168,2,3
Gabriel Jesus,FW,Brazil,25-252,1997,1.0,28,26,2,0,0,0,1,1,0,0,0,0,22,0,2
Garang Kuol,FW,Australia,18-087,2004,0.4,5,5,0,0,0,0,0,0,0,0,0,0,3,0,0
Gareth Bale,FW,Wales,33-148,1989,2.5,53,49,4,0,0,3,2,2,0,0,0,0,33,0,2
Gavi,MF,Spain,18-128,2004,3.2,154,146,8,3,0,0,4,0,0,0,0,0,133,0,5
Gaël Ondoua,MF,Cameroon,27-037,1995,0.5,19,19,0,0,0,0,0,0,0,0,0,0,17,0,0
Georges-Kévin N'Koudou,FW,Cameroon,27-301,1995,0.3,12,11,1,0,0,1,2,0,1,0,0,0,9,0,2
Germán Pezzella,DF,Argentina,31-167,1991,0.6,44,42,1,1,0,0,0,0,0,0,0,0,41,1,0
Gerson Torres,MF,Costa Rica,25-105,1997,0.7,16,14,2,2,0,0,0,0,0,0,0,0,16,0,0
Ghaylène Chaalali,MF,Tunisia,28-286,1994,0.2,4,4,0,0,0,0,0,0,0,0,0,0,3,0,0
Gideon Mensah,DF,Ghana,24-146,1998,1.0,46,39,7,1,0,1,1,6,0,0,0,0,36,0,0
Gio Reyna,FW,United States,20-028,2002,0.6,38,34,3,0,0,1,2,2,0,0,0,0,26,1,1
Giorgian De Arrascaeta,MF,Uruguay,28-193,1994,1.2,52,47,5,2,2,0,6,1,2,1,1,0,32,0,4
Gleison Bremer,DF,Brazil,25-268,1997,1.2,84,81,2,0,0,0,0,2,0,0,0,0,78,1,0
Gonzalo Montiel,DF,Argentina,25-344,1997,1.0,69,58,11,0,0,0,2,11,0,0,0,0,62,0,2
Gonzalo Plata,MF,Ecuador,22-040,2000,3.0,104,87,17,4,0,0,17,3,6,6,0,0,77,0,1
Gonçalo Ramos,FW,Portugal,21-174,2001,1.7,31,29,2,0,0,0,0,0,0,0,0,0,25,0,1
Granit Xhaka,MF,Switzerland,30-075,1992,4.0,243,230,13,11,0,1,0,1,1,0,0,0,215,0,1
Gregor Kobel,GK,Switzerland,25-005,1997,1.0,29,18,11,3,0,0,0,0,0,0,0,0,21,0,0
Grzegorz Krychowiak,MF,Poland,32-316,1990,3.7,127,123,4,4,0,3,1,0,0,0,0,0,93,0,3
Guido Rodríguez,MF,Argentina,28-243,1994,0.6,64,62,2,2,0,1,0,0,0,0,0,0,54,0,0
Guillermo Ochoa,GK,Mexico,37-151,1985,3.0,109,75,32,6,0,0,0,0,0,0,0,0,93,2,0
Guillermo Varela,DF,Uruguay,29-262,1993,2.0,92,72,20,2,0,1,7,18,0,0,0,0,62,0,2
Haji Wright,FW,United States,24-259,1998,1.5,27,24,3,0,0,0,1,0,0,0,0,0,20,0,1
Hakim Ziyech,FW,Morocco,29-267,1993,5.1,173,146,24,13,0,9,18,6,5,2,1,0,111,3,7
Hannibal Mejbri,MF,Tunisia,19-324,2003,0.1,2,2,0,0,0,0,0,0,0,0,0,0,2,0,0
Haris Seferović,FW,Switzerland,30-292,1992,0.8,14,11,2,0,0,0,0,0,0,0,0,0,10,1,0
Harry Kane,FW,England,29-136,1993,4.5,98,94,3,0,2,1,6,1,0,0,0,0,62,1,5
Harry Maguire,DF,England,29-281,1993,4.8,407,391,16,16,0,5,1,0,0,0,0,0,354,0,3
Harry Souttar,DF,Australia,24-050,1998,4.0,167,163,4,4,0,2,0,0,0,0,0,0,138,0,1
Harry Wilson,MF,Wales,25-264,1997,1.8,64,56,8,4,1,1,9,0,4,4,0,0,48,0,1
Hassan Al Tambakti,DF,Saudi Arabia,23-305,1999,2.0,55,49,6,6,0,1,0,0,0,0,0,0,40,0,1
Hassan Al-Haydos,MF,Qatar,32-000,1990,2.3,80,75,5,2,0,2,4,1,2,2,0,0,65,0,3
Hattan Bahebri,MF,Saudi Arabia,30-148,1992,0.0,7,7,0,0,0,0,0,0,0,0,0,0,4,0,0
Henry Martín,FW,Mexico,30-023,1992,1.6,20,16,2,0,0,0,0,0,0,0,0,0,13,2,0
Hernán Galíndez,GK,Ecuador,35-256,1987,3.0,74,46,28,7,0,0,0,0,0,0,0,0,44,0,0
Hidemasa Morita,MF,Japan,27-215,1995,3.2,157,154,3,2,1,1,3,1,0,0,0,0,129,0,1
Hiroki Ito,DF,Japan,23-213,1999,0.5,63,61,2,0,0,1,0,2,0,0,0,0,58,0,0
Hiroki Sakai,MF,Japan,32-243,1990,1.3,47,32,14,1,0,0,2,13,0,0,0,0,28,1,1
Hirving Lozano,FW,Mexico,27-134,1995,2.8,77,69,7,5,3,0,24,2,0,0,0,0,42,1,7
Homam Ahmed,DF,Qatar,23-108,1999,2.9,105,81,23,1,0,2,5,22,0,0,0,0,77,1,6
Hong Chul,DF,Korea Republic,32-085,1990,0.5,20,18,2,0,0,2,2,2,0,0,0,0,17,0,0
Hossein Hosseini,GK,IR Iran,30-164,1992,1.8,47,30,15,4,0,0,0,0,0,0,0,0,23,2,0
Hossein Kanaanizadegan,DF,IR Iran,28-263,1994,0.5,11,10,1,0,0,0,0,1,0,0,0,0,8,0,0
Hugo Lloris,GK,France,35-350,1986,4.0,113,70,42,7,0,0,0,0,0,0,0,0,71,1,0
Hwang Hee-chan,MF,Korea Republic,26-319,1996,1.3,59,56,2,0,0,0,3,2,0,0,0,0,45,1,4
Hwang In-beom,MF,Korea Republic,26-082,1996,3.7,247,242,5,5,0,8,6,0,0,0,0,0,194,0,2
Hwang Ui-jo,FW,Korea Republic,30-105,1992,1.2,11,10,1,0,0,0,0,0,0,0,0,0,9,0,0
Héctor Herrera,MF,Mexico,32-236,1990,1.8,78,76,2,2,0,2,4,0,0,0,0,0,64,0,3
Héctor Moreno,DF,Mexico,34-328,1988,3.0,195,179,16,15,0,2,0,1,0,0,0,0,165,0,0
Ibrahima Konaté,DF,France,23-200,1999,2.2,185,177,8,7,0,1,0,1,0,0,0,0,170,0,0
Idrissa Gana Gueye,MF,Senegal,33-076,1989,3.0,133,113,17,4,0,0,15,2,7,4,2,0,107,3,2
Iliman Ndiaye,FW,Senegal,22-280,2000,1.5,32,29,3,0,0,0,2,1,0,0,0,0,25,0,0
Ismail Jakobs,DF,Senegal,23-116,1999,3.1,156,115,41,7,0,0,18,29,5,3,2,0,107,0,0
Ismail Mohamad,FW,Qatar,32-250,1990,1.9,,,,,,,8,,,,,,,,
Ismaila Sarr,FW,Senegal,24-289,1998,3.8,81,78,3,0,1,0,8,3,0,0,0,0,52,0,2
Ismaël Koné,MF,Canada,20-188,2002,1.2,101,99,2,2,0,4,1,0,0,0,0,0,96,0,1
Issam Jebali,FW,Tunisia,30-351,1991,2.0,35,30,4,0,0,0,2,1,0,0,0,0,25,1,2
Ivan Ilić,MF,Serbia,21-269,2001,0.4,20,19,1,1,0,0,0,0,0,0,0,0,19,0,0
Ivan Perišić,FW,Croatia,33-312,1989,5.4,188,169,18,0,1,2,18,17,1,0,0,0,124,1,7
Iñaki Williams,FW,Ghana,28-179,1994,3.0,42,41,1,0,0,0,1,0,0,0,0,0,29,0,3
Jack Grealish,FW,England,27-092,1995,1.0,54,53,1,1,0,0,0,0,0,0,0,0,48,0,3
Jackson Irvine,MF,Australia,29-279,1993,3.9,128,121,7,2,0,1,2,1,0,0,0,0,103,0,4
Jackson Porozo,DF,Ecuador,22-129,2000,1.1,44,43,1,0,1,0,0,1,0,0,0,0,39,0,0
Jakub Kamiński,MF,Poland,20-189,2002,2.6,61,59,2,0,0,0,4,2,0,0,0,0,37,0,3
Jakub Kiwior,DF,Poland,22-299,2000,3.9,205,193,12,5,0,3,0,0,0,0,0,0,174,0,2
Jamal Musiala,MF,Germany,19-288,2003,2.9,105,104,0,0,2,0,1,0,0,0,0,0,85,1,2
Jamie Maclaren,FW,Australia,29-135,1993,0.6,15,15,0,0,0,0,2,0,0,0,0,0,7,0,0
Jan Bednarek,DF,Poland,26-243,1996,0.1,6,6,0,0,0,0,0,0,0,0,0,0,6,0,0
Jan Vertonghen,DF,Belgium,35-231,1987,3.0,269,263,6,5,0,2,0,1,0,0,0,0,238,0,4
Jason Cummings,FW,Australia,27-132,1995,0.4,6,4,2,0,0,0,0,0,0,0,0,0,4,0,1
Jawad El Yamiq,DF,Morocco,30-285,1992,1.7,34,31,3,3,0,2,0,0,0,0,0,0,25,0,1
Jean-Charles Castelletto,DF,Cameroon,27-319,1995,2.0,82,77,5,5,1,2,3,0,0,0,0,0,66,0,0
Jeong Woo-yeong,MF,Korea Republic,23-082,1999,0.5,15,13,1,0,0,0,1,0,0,0,0,0,12,1,0
Jeremy Doku,MF,Belgium,20-198,2002,0.2,14,14,0,0,0,0,3,0,0,0,0,0,8,0,2
Jeremy Sarmiento,MF,Ecuador,20-178,2002,0.9,37,33,4,0,0,0,5,2,2,1,1,0,23,0,2
Jerome Ngom Mbekeli,MF,Cameroon,24-072,1998,0.1,2,2,0,0,0,0,2,0,0,0,0,0,1,0,0
Jesper Lindstrøm,MF,Denmark,22-285,2000,2.2,52,49,2,0,0,0,3,2,0,0,0,0,36,1,2
Jesús Ferreira,FW,United States,21-352,2000,0.5,19,18,1,0,0,0,0,0,0,0,0,0,16,0,1
Jesús Gallardo,DF,Mexico,28-118,1994,3.0,134,109,22,4,0,0,9,18,0,0,0,0,93,3,4
Jewison Bennette,MF,Costa Rica,18-179,2004,1.1,14,14,0,0,0,0,2,0,0,0,0,0,11,0,1
Jhegson Méndez,MF,Ecuador,25-229,1997,2.0,140,135,4,4,1,0,2,0,0,0,0,0,128,1,2
Joachim Andersen,DF,Denmark,26-194,1996,3.0,250,246,3,3,0,8,1,0,0,0,0,0,198,1,2
Joakim Mæhle,DF,Denmark,25-205,1997,2.8,146,120,26,1,0,0,4,25,0,0,0,0,119,0,2
Joe Allen,MF,Wales,32-272,1990,1.0,36,34,2,2,0,0,0,0,0,0,0,0,30,0,1
Joe Morrell,MF,Wales,25-342,1997,0.4,14,14,0,0,0,0,0,0,0,0,0,0,12,0,0
Joe Rodon,DF,Wales,25-050,1997,3.0,169,167,2,2,0,0,0,0,0,0,0,0,152,0,0
Joel Campbell,FW,Costa Rica,30-168,1992,3.0,138,116,19,6,0,5,7,2,1,1,0,0,104,3,4
Johan Venegas,FW,Costa Rica,34-014,1988,0.8,14,13,1,0,0,0,1,0,0,0,0,0,11,0,0
John Stones,DF,England,28-197,1994,4.8,454,451,3,2,0,3,0,1,0,0,0,0,435,0,0
Jonas Hofmann,FW,Germany,30-150,1992,0.3,20,19,1,0,0,0,0,1,0,0,0,0,16,0,1
Jonathan David,FW,Canada,22-331,2000,2.1,60,53,6,0,0,0,0,0,0,0,0,0,41,1,3
Jonathan Osorio,MF,Canada,30-182,1992,1.3,57,55,2,0,0,0,0,2,0,0,0,0,52,0,0
Jordan Ayew,FW,Ghana,31-091,1991,1.5,46,34,12,2,0,0,8,2,6,6,0,0,35,0,2
Jordan Henderson,MF,England,32-177,1990,3.0,163,153,10,8,1,0,8,2,0,0,0,0,137,0,3
Jordan Morris,FW,United States,28-046,1994,0.0,4,4,0,0,0,0,2,0,0,0,0,0,1,0,1
Jordan Pickford,GK,England,28-279,1994,5.0,160,120,39,3,0,0,0,0,0,0,0,0,126,1,1
Jordan Veretout,MF,France,29-285,1993,0.7,36,35,1,1,0,0,0,0,0,0,0,0,33,0,1
Jordi Alba,DF,Spain,33-265,1989,2.9,372,330,40,6,2,0,14,34,0,0,0,0,328,2,6
Jorge Eduardo Sánchez,DF,Mexico,25-001,1997,1.9,87,62,25,0,0,0,2,25,0,0,0,0,69,0,2
Josh Sargent,FW,United States,22-294,2000,1.7,33,31,2,0,0,0,1,0,0,0,0,0,29,0,1
Joshua Kimmich,MF,Germany,27-306,1995,3.0,267,234,31,7,1,2,21,4,18,8,7,2,226,2,2
Josip Juranović,DF,Croatia,27-117,1995,5.7,340,282,57,2,0,1,20,55,0,0,0,0,268,1,11
José Cifuentes,MF,Ecuador,23-274,1999,0.7,44,42,2,0,1,0,2,2,0,0,0,0,33,0,2
José María Giménez,DF,Uruguay,27-325,1995,3.0,174,165,8,7,1,1,2,1,0,0,0,0,141,1,0
João Cancelo,DF,Portugal,28-198,1994,3.4,271,240,31,4,0,8,15,27,0,0,0,0,221,0,5
João Félix,FW,Portugal,23-031,1999,3.7,122,119,2,0,1,0,4,2,0,0,0,0,92,1,3
João Mário,FW,Portugal,29-326,1993,0.9,40,37,2,0,0,0,2,0,2,1,1,0,37,1,0
João Palhinha,MF,Portugal,27-155,1995,0.4,31,30,1,1,0,0,0,0,0,0,0,0,26,0,0
Joško Gvardiol,DF,Croatia,20-322,2002,5.7,389,376,11,10,2,3,1,1,0,0,0,0,344,2,0
Juan Pablo Vargas,DF,Costa Rica,27-188,1995,1.0,24,18,6,1,0,0,0,5,0,0,0,0,19,0,0
Jude Bellingham,MF,England,19-165,2003,4.6,265,258,6,2,1,3,4,1,0,0,0,0,235,1,5
Jules Koundé,DF,France,24-029,1998,3.0,194,162,30,0,0,0,1,30,0,0,0,0,157,2,3
Julián Álvarez,FW,Argentina,22-314,2000,3.2,73,72,1,0,1,0,3,1,0,0,0,0,53,0,3
Jung Woo-young,MF,Korea Republic,32-362,1989,3.4,211,208,1,1,0,5,1,0,0,0,0,0,178,2,3
Junior Hoilett,FW,Canada,32-189,1990,1.8,59,50,8,0,0,0,13,1,5,1,4,0,43,1,2
Junya Ito,MF,Japan,29-277,1993,3.6,97,80,15,1,0,0,14,9,5,0,3,0,59,2,4
Jurriën Timber,DF,Netherlands,21-177,2001,4.3,313,301,11,7,2,0,1,4,0,0,0,0,283,1,0
Kai Havertz,FW,Germany,23-183,1999,1.1,34,32,2,0,0,0,2,0,0,0,0,0,27,0,1
Kalidou Koulibaly,DF,Senegal,31-174,1991,4.0,205,185,20,18,0,4,0,0,0,0,0,0,156,0,3
Kalvin Phillips,MF,England,27-009,1995,0.5,19,19,0,0,0,0,0,0,0,0,0,0,17,0,0
Kamal Miller,DF,Canada,25-209,1997,3.0,205,194,9,5,0,0,0,4,0,0,0,0,186,2,1
Kamaldeen Sulemana,FW,Ghana,20-299,2002,0.6,19,19,0,0,0,0,4,0,0,0,0,0,10,0,3
Kamil Glik,DF,Poland,34-311,1988,4.0,130,125,5,4,0,0,0,0,0,0,0,0,118,0,0
Kamil Grosicki,MF,Poland,34-186,1988,0.0,6,6,0,0,0,0,3,0,0,0,0,0,4,0,0
Kaoru Mitoma,MF,Japan,25-205,1997,1.8,70,57,13,0,0,0,0,13,0,0,0,0,50,0,2
Karim Ansarifard,FW,IR Iran,32-252,1990,0.4,5,5,0,0,0,0,0,0,0,0,0,0,4,0,0
Karim Boudiaf,MF,Qatar,32-086,1990,2.1,106,103,3,3,0,2,0,0,0,0,0,0,94,0,0
Karl Toko Ekambi,FW,Cameroon,30-088,1992,1.8,53,50,3,1,0,1,3,0,2,0,2,0,43,0,2
Karol Świderski,FW,Poland,25-322,1997,0.5,7,6,1,0,0,0,0,0,0,0,0,0,7,0,0
Kasper Dolberg,FW,Denmark,25-066,1997,1.3,18,15,3,0,0,0,1,0,0,0,0,0,15,0,0
Kasper Schmeichel,GK,Denmark,36-036,1986,3.0,87,69,18,1,0,0,0,1,0,0,0,0,72,0,0
Keanu Baccus,MF,Australia,24-187,1998,1.3,41,41,0,0,1,1,0,0,0,0,0,0,26,0,1
Kellyn Acosta,MF,United States,27-140,1995,0.5,12,12,0,0,0,0,0,0,0,0,0,0,10,0,0
Kendall Waston,DF,Costa Rica,34-344,1988,2.5,71,69,2,2,0,0,0,0,0,0,0,0,57,0,0
Kenneth Taylor,MF,Netherlands,20-209,2002,0.1,8,8,0,0,0,0,0,0,0,0,0,0,8,0,0
Kevin De Bruyne,FW,Belgium,31-166,1991,3.0,136,118,17,5,4,2,18,5,7,0,6,0,93,1,8
Kevin Rodríguez,FW,Ecuador,22-282,2000,0.0,,,,,,,0,,,,,,,,
Kevin Álvarez,DF,Mexico,23-330,1999,0.8,29,20,9,0,0,0,1,9,0,0,0,0,19,0,1
Keylor Navas,GK,Costa Rica,35-361,1986,3.0,102,60,41,8,0,0,0,0,0,0,0,0,61,1,0
Keysher Fuller,DF,Costa Rica,28-153,1994,2.8,63,55,8,1,0,0,2,7,0,0,0,0,44,0,2
Kieffer Moore,FW,Wales,30-125,1992,2.5,56,56,0,0,0,1,0,0,0,0,0,0,36,0,2
Kieran Trippier,DF,England,32-083,1990,2.3,195,156,39,9,0,1,10,22,8,2,6,0,165,0,3
Kim Jin-su,DF,Korea Republic,30-181,1992,3.5,146,115,31,1,0,0,16,30,0,0,0,0,105,0,4
Kim Min-jae,DF,Korea Republic,26-026,1996,3.0,191,190,0,0,0,6,1,0,0,0,0,0,167,1,2
Kim Moonhwan,DF,Korea Republic,27-132,1995,4.0,242,197,45,2,0,0,15,43,0,0,0,0,201,0,4
Kim Seung-gyu,GK,Korea Republic,32-072,1990,4.0,128,85,43,14,0,0,0,0,0,0,0,0,93,0,0
Kim Young-gwon,DF,Korea Republic,32-287,1990,3.9,209,201,7,7,0,7,1,0,0,0,0,0,178,1,0
Kingsley Coman,FW,France,26-181,1996,1.3,57,55,2,0,0,0,6,0,2,0,2,0,50,0,1
Ko Itakura,DF,Japan,25-318,1997,3.0,111,109,2,2,1,0,0,0,0,0,0,0,98,0,1
Koke,MF,Spain,30-337,1992,0.6,62,60,0,0,0,2,0,0,0,0,0,0,56,2,0
Krystian Bielik,MF,Poland,24-341,1998,2.4,99,96,3,3,0,3,0,0,0,0,0,0,86,0,2
Krzysztof Piątek,FW,Poland,27-163,1995,0.3,6,6,0,0,0,0,0,0,0,0,0,0,2,0,0
Krépin Diatta,FW,Senegal,23-289,1999,2.0,73,71,1,0,0,1,4,0,1,0,1,0,60,1,0
Kudus Mohammed,FW,Ghana,22-131,2000,2.7,87,78,8,4,1,1,6,1,1,1,0,0,62,1,3
Kwon Chang-hoon,FW,Korea Republic,28-164,1994,0.6,25,24,1,0,0,0,3,0,1,0,0,0,19,0,2
Kwon Kyung-won,DF,Korea Republic,30-314,1992,1.0,43,41,2,2,0,0,0,0,0,0,0,0,39,0,0
Kye Rowles,DF,Australia,24-170,1998,4.0,187,180,6,5,0,1,0,0,0,0,0,0,165,1,3
Kyle Walker,DF,England,32-197,1990,2.6,181,154,27,6,0,4,2,21,0,0,0,0,162,0,0
Kylian Mbappé,FW,France,23-356,1998,4.3,188,179,9,1,3,2,22,3,5,3,0,0,144,0,11
Lautaro Martínez,FW,Argentina,25-111,1997,2.5,55,47,8,0,0,0,0,0,0,0,0,0,41,0,0
Lawrence Ati-Zigi,GK,Ghana,26-012,1996,3.0,78,39,39,8,0,0,0,0,0,0,0,0,54,0,0
Leander Dendoncker,DF,Belgium,27-240,1995,1.8,122,119,3,2,0,0,0,1,0,0,0,0,119,0,0
Leandro Paredes,MF,Argentina,28-165,1994,1.6,191,181,9,9,0,1,0,0,0,0,0,0,178,1,0
Leandro Trossard,FW,Belgium,28-007,1994,1.1,57,56,1,0,0,1,2,1,0,0,0,0,43,0,2
Lee Jae-sung,MF,Korea Republic,30-123,1992,2.3,97,97,0,0,0,0,1,0,0,0,0,0,84,0,2
Lee Kangin,MF,Korea Republic,21-295,2001,1.6,77,66,11,5,0,1,12,0,5,3,2,0,62,0,1
Leon Goretzka,MF,Germany,27-308,1995,1.8,57,55,0,0,0,0,1,0,0,0,0,0,42,2,1
Leroy Sané,FW,Germany,26-334,1996,1.2,58,58,0,0,1,0,2,0,0,0,0,0,47,0,0
Liam Millar,DF,Canada,23-075,1999,0.1,9,7,2,0,0,0,2,1,1,1,0,0,4,0,0
Lionel Messi,FW,Argentina,35-170,1987,5.3,269,235,31,16,3,3,12,0,12,2,7,0,218,3,10
Lisandro Martínez,DF,Argentina,24-327,1998,3.0,147,137,9,8,0,1,1,1,0,0,0,0,125,1,0
Lovro Majer,MF,Croatia,24-328,1998,0.6,49,49,0,0,0,0,3,0,0,0,0,0,41,0,1
Loïs Openda,FW,Belgium,22-298,2000,0.1,5,5,0,0,0,0,1,0,0,0,0,0,3,0,0
Lucas Cavallini,FW,Canada,29-348,1992,0.2,2,2,0,0,0,0,1,0,0,0,0,0,2,0,0
Lucas Hernández,DF,France,26-300,1996,0.1,10,10,0,0,0,0,1,0,0,0,0,0,5,0,0
Lucas Paquetá,MF,Brazil,25-106,1997,3.5,202,193,8,2,0,0,4,6,0,0,0,0,169,1,4
Luis Chávez,MF,Mexico,26-330,1996,3.0,139,118,20,8,2,5,19,0,12,6,5,0,99,1,1
Luis Suárez,FW,Uruguay,35-321,1987,1.6,40,37,3,0,0,1,0,0,0,0,0,0,25,0,3
Luka Jović,FW,Serbia,24-353,1997,0.4,10,9,1,0,0,0,0,1,0,0,0,0,6,0,0
Luka Modrić,MF,Croatia,37-093,1985,5.4,402,366,35,21,0,5,28,0,13,4,5,0,336,1,6
Lukas Klostermann,DF,Germany,26-191,1996,0.7,52,42,10,2,0,1,0,8,0,0,0,0,51,0,0
Luke Shaw,DF,England,27-152,1995,4.7,400,347,52,15,0,1,22,33,4,1,3,0,335,1,8
Luuk de Jong,FW,Netherlands,32-106,1990,0.6,12,10,2,0,0,0,0,0,0,0,0,0,8,0,1
Majid Hosseini,DF,IR Iran,26-174,1996,3.0,106,100,6,4,0,2,0,1,0,0,0,0,86,0,1
Manuel Akanji,DF,Switzerland,27-145,1995,4.0,259,246,12,9,0,6,1,1,0,0,0,0,229,1,1
Manuel Neuer,GK,Germany,36-259,1986,3.0,127,111,16,2,0,0,0,0,0,0,0,0,115,0,0
Marcelo Brozović,MF,Croatia,30-025,1992,5.6,480,463,16,16,1,2,3,0,0,0,0,0,419,1,12
Marco Asensio,FW,Spain,26-324,1996,2.5,119,113,5,2,0,2,8,1,2,0,0,0,89,1,2
Marcos Acuña,DF,Argentina,31-044,1991,3.5,189,157,31,4,0,2,13,23,4,0,4,0,148,1,6
Marcos Llorente,DF,Spain,27-315,1995,1.3,106,89,16,3,0,0,2,13,0,0,0,0,95,1,2
Marcus Rashford,FW,England,25-041,1997,1.6,66,65,1,0,0,1,1,1,0,0,0,0,49,0,2
Marcus Thuram,FW,France,25-127,1997,0.5,11,10,1,0,0,0,0,0,0,0,0,0,9,0,0
Mario Götze,MF,Germany,30-191,1992,0.4,23,23,0,0,0,0,2,0,0,0,0,0,21,0,2
Mario Pašalić,FW,Croatia,27-305,1995,2.2,72,72,0,0,1,0,1,0,0,0,0,0,60,0,2
Mark-Anthony Kaye,MF,Canada,28-009,1994,0.7,61,59,2,1,0,0,0,1,0,0,0,0,51,0,0
Marko Grujić,MF,Serbia,26-242,1996,0.1,17,16,1,0,0,0,0,1,0,0,0,0,14,0,0
Marko Livaja,FW,Croatia,29-107,1993,1.7,39,36,3,0,1,0,1,0,0,0,0,0,22,0,2
Marquinhos,DF,Brazil,28-211,1994,4.7,367,354,12,10,0,3,1,2,0,0,0,0,351,1,1
Marten de Roon,MF,Netherlands,31-257,1991,2.0,119,115,3,2,0,0,0,1,0,0,0,0,97,1,1
Martin Braithwaite,FW,Denmark,31-189,1991,1.1,20,19,1,0,0,1,0,0,0,0,0,0,14,0,4
Martin Hongla,MF,Cameroon,24-270,1998,1.3,61,60,1,0,1,0,1,1,0,0,0,0,49,0,1
Martinelli,FW,Brazil,21-176,2001,1.3,45,41,4,0,0,0,5,4,0,0,0,0,34,0,0
Martín Cáceres,DF,Uruguay,35-248,1987,1.0,79,66,13,1,0,0,0,12,0,0,0,0,68,0,0
Mason Mount,MF,England,23-335,1999,2.1,73,70,3,2,0,3,3,0,0,0,0,0,61,0,1
Mateo Kovačić,MF,Croatia,28-219,1994,5.1,300,290,10,3,2,2,3,1,5,0,0,0,267,0,5
Matheus Nunes,MF,Portugal,24-106,1998,0.8,33,32,1,0,0,0,3,1,0,0,0,0,28,0,1
Mathew Leckie,MF,Australia,31-310,1991,3.7,103,101,2,0,0,0,4,2,0,0,0,0,67,0,8
Mathew Ryan,GK,Australia,30-247,1992,4.0,164,111,53,16,0,1,0,0,0,0,0,0,113,0,0
Mathias Jensen,MF,Denmark,26-344,1996,0.9,67,63,4,1,0,1,2,3,0,0,0,0,52,0,0
Mathías Olivera,DF,Uruguay,25-041,1997,2.8,133,107,26,1,0,0,6,25,0,0,0,0,104,0,5
Matt Turner,GK,United States,28-170,1994,4.0,128,98,30,10,0,0,0,0,0,0,0,0,101,0,0
Matthias Ginter,DF,Germany,28-326,1994,0.0,3,3,0,0,0,0,0,0,0,0,0,0,3,0,0
Matthijs de Ligt,DF,Netherlands,23-121,1999,1.0,45,43,2,2,0,1,0,0,0,0,0,0,41,0,0
Matty Cash,DF,Poland,25-126,1997,4.0,160,127,33,3,0,2,9,30,0,0,0,0,123,0,6
Mattéo Guendouzi,FW,France,23-241,1999,0.9,33,30,3,1,0,1,0,1,0,0,0,0,27,0,2
Matías Vecino,MF,Uruguay,31-109,1991,2.2,106,105,1,1,0,1,1,0,0,0,0,0,76,0,5
Matías Viña,DF,Uruguay,25-032,1997,0.2,21,17,4,1,0,1,2,3,0,0,0,0,11,0,2
Maxi Gómez,FW,Uruguay,26-119,1996,0.3,7,7,0,0,0,0,0,0,0,0,0,0,5,0,0
Maya Yoshida,DF,Japan,34-109,1988,4.3,232,227,5,4,0,1,0,0,0,0,0,0,198,0,0
Mehdi Taremi,FW,IR Iran,30-146,1992,3.0,78,71,7,0,0,0,0,0,1,0,0,0,58,0,3
Mehdi Torabi,MF,IR Iran,28-092,1994,0.7,37,36,1,0,1,0,1,1,0,0,0,0,30,0,1
Memphis,FW,Netherlands,28-301,1994,3.3,123,113,8,0,1,1,2,1,0,0,0,0,93,2,5
Meshaal Barsham,GK,Qatar,24-300,1998,2.0,63,38,24,4,0,0,0,0,0,0,0,0,45,1,0
Michael Estrada,FW,Ecuador,26-248,1996,2.5,50,48,1,0,1,0,0,1,0,0,0,0,28,1,1
Michał Skóraś,MF,Poland,22-299,2000,0.5,9,9,0,0,0,0,0,0,0,0,0,0,8,0,0
Michel Aebischer,MF,Switzerland,25-339,1997,0.2,4,4,0,0,0,0,0,0,0,0,0,0,2,0,0
Michy Batshuayi,FW,Belgium,29-070,1993,1.7,24,22,2,0,0,0,0,0,0,0,0,0,16,0,1
Miki Yamane,DF,Japan,28-354,1993,0.7,33,28,5,0,0,0,2,5,0,0,0,0,24,0,2
Mikkel Damsgaard,MF,Denmark,22-161,2000,1.7,72,72,0,0,0,1,3,0,0,0,0,0,55,0,0
Milad Mohammadi,DF,IR Iran,29-073,1993,2.2,68,56,12,0,0,1,2,12,0,0,0,0,44,0,4
Milan Borjan,GK,Canada,35-049,1987,3.0,98,72,25,10,0,1,0,0,0,0,0,0,76,1,0
Miloš Degenek,DF,Australia,28-227,1994,2.0,101,71,30,4,0,0,1,26,0,0,0,0,67,0,5
Miloš Veljković,DF,Serbia,27-076,1995,2.5,112,111,1,1,0,5,0,0,0,0,0,0,98,0,3
Mislav Oršić,FW,Croatia,29-347,1992,0.3,11,10,1,0,1,0,1,0,1,1,0,0,7,0,0
Mitchell Duke,FW,Australia,31-327,1991,3.0,63,60,3,0,0,0,1,0,0,0,0,0,36,0,2
Mohamed Ali Ben Romdhane,MF,Tunisia,23-096,1999,0.8,21,21,0,0,0,0,1,0,0,0,0,0,14,0,2
Mohamed Dräger,DF,Tunisia,26-169,1996,1.5,50,33,17,0,0,0,3,17,0,0,0,0,36,0,4
Mohamed Kanno,MF,Saudi Arabia,28-080,1994,3.0,147,142,5,5,0,1,0,0,0,0,0,0,119,0,1
Mohammed Al-Breik,DF,Saudi Arabia,30-087,1992,0.7,48,42,6,1,0,0,2,5,0,0,0,0,39,0,0
Mohammed Al-Owais,GK,Saudi Arabia,31-062,1991,3.0,100,54,46,17,0,1,0,0,0,0,0,0,57,0,0
Mohammed Muntari,FW,Qatar,28-356,1993,0.7,19,19,0,0,0,0,0,0,0,0,0,0,17,0,0
Mohammed Salisu,DF,Ghana,23-238,1999,3.0,151,144,7,7,0,0,0,0,0,0,0,0,109,0,2
Mohammed Waad,MF,Qatar,23-084,1999,0.3,12,12,0,0,0,0,1,0,0,0,0,0,9,0,1
Moisés Caicedo,MF,Ecuador,21-039,2001,3.0,153,149,4,4,0,0,0,0,0,0,0,0,126,0,3
Montassar Talbi,DF,Tunisia,24-199,1998,3.0,137,133,4,3,0,2,0,0,0,0,0,0,118,0,3
Morteza Pouraliganji,DF,IR Iran,30-236,1992,3.0,128,122,6,4,0,3,2,0,0,0,0,0,92,0,3
Moumi Ngamaleu,FW,Cameroon,28-155,1994,1.1,25,24,1,0,0,0,1,1,0,0,0,0,21,0,0
Munir,GK,Morocco,33-215,1989,1.0,28,15,13,0,0,0,0,0,0,0,0,0,19,0,0
Musab Kheder,DF,Qatar,29-076,1993,0.1,3,1,2,1,0,1,0,1,0,0,0,0,3,0,0
Na Sang-ho,FW,Korea Republic,26-121,1996,1.3,37,36,1,0,0,1,8,1,0,0,0,0,24,0,3
Nader Ghandri,DF,Tunisia,27-296,1995,1.0,33,32,1,0,0,0,0,0,0,0,0,0,27,0,0
Nahuel Molina,DF,Argentina,24-249,1998,4.4,265,221,42,0,0,0,3,42,0,0,0,0,227,2,2
Nampalys Mendy,MF,Senegal,30-171,1992,3.0,159,156,3,3,0,8,2,0,0,0,0,0,141,0,3
Nasser Al-Dawsari,FW,Saudi Arabia,23-357,1998,0.1,11,11,0,0,0,0,1,0,0,0,0,0,11,0,0
Nathan Aké,DF,Netherlands,27-296,1995,5.3,349,334,15,4,0,2,0,11,0,0,0,0,315,0,1
Nathaniel Atkinson,DF,Australia,23-181,1999,0.9,34,24,10,2,0,1,0,8,0,0,0,0,27,0,0
Nawaf Al Abed,MF,Saudi Arabia,32-319,1990,1.0,39,36,3,1,0,1,2,0,2,0,1,0,33,0,0
Nayef Aguerd,DF,Morocco,26-256,1996,3.9,158,148,10,9,0,2,0,0,0,0,0,0,137,0,1
Naïm Sliti,MF,Tunisia,30-137,1992,1.3,51,42,9,2,0,0,13,2,5,2,2,0,29,0,0
Neco Williams,DF,Wales,21-242,2001,2.3,101,75,26,0,0,2,5,26,0,0,0,0,69,0,5
Nemanja Gudelj,MF,Serbia,31-025,1991,1.0,52,51,1,1,0,1,0,0,0,0,0,0,44,0,1
Nemanja Maksimović,MF,Serbia,27-319,1995,1.4,57,55,2,2,0,0,2,0,0,0,0,0,50,0,1
Nemanja Radonjić,DF,Serbia,26-299,1996,0.7,24,20,4,0,0,0,6,4,0,0,0,0,15,0,1
Neymar,MF,Brazil,30-309,1992,3.1,153,131,22,8,2,0,8,3,9,6,1,0,121,0,5
Niclas Füllkrug,FW,Germany,29-305,1993,0.8,24,21,3,0,0,1,0,0,0,0,0,0,15,0,2
Nico Elvedi,DF,Switzerland,26-072,1996,2.0,142,139,3,3,0,0,0,0,0,0,0,0,131,0,3
Nico Schlotterbeck,DF,Germany,23-010,1999,1.0,123,116,6,2,0,2,0,4,0,0,0,0,110,1,1
Nico Williams,FW,Spain,20-152,2002,1.6,63,60,2,0,1,0,6,2,0,0,0,0,50,1,2
Nicola Zalewski,MF,Poland,20-322,2002,0.7,17,16,1,1,0,0,1,0,0,0,0,0,15,0,0
Nicolas Jackson,FW,Senegal,21-174,2001,0.2,10,10,0,0,0,0,0,0,0,0,0,0,9,0,0
Nicolas Nkoulou,DF,Cameroon,32-259,1990,2.0,91,89,1,1,0,0,0,0,0,0,0,0,79,1,0
Nicolás De La Cruz,MF,Uruguay,25-193,1997,0.4,25,21,3,2,0,0,1,0,1,1,0,0,20,1,1
Nicolás Otamendi,DF,Argentina,34-302,1988,5.3,464,452,12,10,0,0,0,2,0,0,0,0,427,0,0
Nicolás Tagliafico,DF,Argentina,30-102,1992,1.8,96,73,22,4,0,0,0,18,0,0,0,0,82,1,2
Niklas Süle,DF,Germany,27-099,1995,3.0,255,239,16,6,0,3,1,10,0,0,0,0,231,0,1
Nikola Milenković,DF,Serbia,25-060,1997,3.0,163,160,3,1,0,1,1,2,0,0,0,0,141,0,3
Nikola Vlašić,FW,Croatia,25-068,1997,1.5,35,35,0,0,0,0,2,0,0,0,0,0,30,0,1
Noa Lang,MF,Netherlands,23-177,1999,0.1,3,3,0,0,0,0,1,0,0,0,0,0,1,0,0
Noah Okafor,FW,Switzerland,22-201,2000,0.5,22,22,0,0,0,1,0,0,0,0,0,0,17,0,1
Nouhou Tolo,DF,Cameroon,25-171,1997,3.0,109,89,19,1,0,2,7,18,0,0,0,0,83,1,2
Noussair Mazraoui,DF,Morocco,25-027,1997,3.6,99,78,21,3,0,2,2,18,0,0,0,0,79,0,2
Nuno Mendes,DF,Portugal,20-175,2002,0.5,32,27,5,0,0,1,2,5,0,0,0,0,29,0,0
Néstor Araujo,DF,Mexico,31-104,1991,1.0,53,48,5,0,0,0,2,5,0,0,0,0,44,0,1
Olivier Giroud,FW,France,36-072,1986,3.5,50,45,5,0,1,1,0,0,0,0,0,0,36,0,0
Olivier Ntcham,MF,Cameroon,26-305,1996,0.3,12,12,0,0,0,0,0,0,0,0,0,0,11,0,1
Orbelín Pineda,MF,Mexico,26-262,1996,0.8,25,25,0,0,0,0,0,0,0,0,0,0,18,0,1
Osman Bukari,MF,Ghana,23-363,1998,0.7,20,19,0,0,0,0,1,0,0,0,0,0,14,1,1
Otávio,MF,Portugal,27-305,1995,2.2,127,122,5,0,1,0,5,2,0,0,0,0,98,0,2
Ousmane Dembélé,FW,France,25-210,1997,3.5,159,157,2,0,1,1,16,2,0,0,0,0,122,0,5
Pablo Sarabia,FW,Spain,30-214,1992,0.0,5,3,2,0,0,0,3,0,2,2,0,0,2,0,1
Paik Seung-ho,MF,Korea Republic,25-269,1997,0.3,27,27,0,0,0,0,0,0,0,0,0,0,20,0,0
Pape Abou Cissé,DF,Senegal,27-088,1995,1.2,37,36,1,1,0,1,0,0,0,0,0,0,28,0,0
Pape Gueye,MF,Senegal,23-321,1999,1.7,62,55,6,3,0,0,1,0,2,0,0,0,45,1,2
Pape Matar Sarr,MF,Senegal,20-088,2002,0.7,43,35,8,2,0,1,5,0,6,3,1,0,36,0,0
Papu Gómez,MF,Argentina,34-299,1988,1.2,60,56,1,0,0,1,1,0,1,0,0,0,53,3,0
Pathé Ciss,MF,Senegal,28-270,1994,1.6,57,57,0,0,1,1,0,0,0,0,0,0,46,0,1
Pau Torres,DF,Spain,25-329,1997,1.0,191,189,1,0,1,2,0,1,0,0,0,0,174,1,1
Pedri,MF,Spain,20-016,2002,4.0,434,428,6,2,3,4,2,2,0,0,0,0,393,0,9
Pedro,FW,Brazil,25-174,1997,0.7,13,10,3,0,0,0,0,0,0,0,0,0,10,0,0
Pepe,DF,Portugal,39-288,1983,4.0,295,287,4,4,0,4,1,0,0,0,0,0,243,4,0
Pervis Estupiñán,DF,Ecuador,24-324,1998,3.0,190,145,44,12,0,0,19,29,3,0,3,0,148,1,4
Phil Foden,FW,England,22-197,2000,2.9,117,103,14,0,0,3,14,1,13,7,4,1,90,0,2
Piero Hincapié,DF,Ecuador,20-336,2002,3.0,200,193,5,3,0,2,1,2,0,0,0,0,168,2,0
Pierre Højbjerg,MF,Denmark,27-128,1995,3.0,224,216,8,5,0,10,1,2,0,0,0,0,200,0,1
Pierre Kunde,MF,Cameroon,27-138,1995,1.5,49,40,9,5,0,1,4,1,3,2,1,0,38,0,2
Piotr Zieliński,MF,Poland,28-205,1994,3.6,153,128,25,8,0,3,16,0,9,3,6,0,124,0,1
Przemysław Frankowski,MF,Poland,27-243,1995,2.7,74,71,3,0,1,0,8,1,2,1,1,0,49,0,8
Rafael Leão,FW,Portugal,23-184,1999,1.0,47,47,0,0,0,1,6,0,0,0,0,0,32,0,1
Raheem Sterling,FW,England,28-003,1994,1.7,55,55,0,0,0,0,2,0,0,0,0,0,45,0,2
Ramin Rezaeian,DF,IR Iran,32-265,1990,2.0,105,85,19,3,0,3,11,16,0,0,0,0,73,1,0
Randal Kolo Muani,FW,France,24-006,1998,1.0,20,18,1,0,0,0,0,0,0,0,0,0,11,1,1
Raphaël Guerreiro,DF,Portugal,28-354,1993,3.1,185,156,28,1,0,0,13,25,2,0,2,0,156,1,2
Raphaël Varane,DF,France,29-230,1993,3.5,166,164,2,2,0,0,1,0,0,0,0,0,147,0,0
Raphinha,FW,Brazil,25-362,1996,3.5,150,131,18,4,0,1,22,3,11,6,3,0,111,1,4
Rasmus Nissen,DF,Denmark,25-153,1997,2.5,179,152,26,0,0,1,7,26,0,0,0,0,137,1,4
Raúl Jiménez,FW,Mexico,31-220,1991,0.7,32,28,3,0,0,0,2,0,0,0,0,0,20,1,2
Remo Freuler,MF,Switzerland,30-240,1992,3.6,154,146,7,5,0,0,0,2,0,0,0,0,127,1,2
Renato Steffen,FW,Switzerland,31-038,1991,0.4,15,14,1,0,0,0,0,1,0,0,0,0,13,0,0
Ricardo Horta,FW,Portugal,28-087,1994,1.3,46,42,4,1,1,0,5,1,2,2,0,0,31,0,0
Ricardo Rodríguez,DF,Switzerland,30-108,1992,4.0,229,194,35,5,1,3,12,30,0,0,0,0,164,0,7
Richarlison,FW,Brazil,25-215,1997,3.6,58,55,3,0,1,0,2,0,0,0,0,0,40,0,4
Richie Laryea,DF,Canada,27-338,1995,1.8,47,46,1,0,0,0,1,1,0,0,0,0,35,0,2
Riley McGree,FW,Australia,24-039,1998,2.9,75,73,2,0,0,0,5,0,1,0,1,0,57,0,1
Ritsu Doan,FW,Japan,24-178,1998,2.4,56,48,7,2,0,1,9,0,5,4,0,0,36,1,4
Riyadh Sharahili,MF,Saudi Arabia,29-227,1993,0.6,17,16,1,1,1,0,0,0,0,0,0,0,14,0,0
Roan Wilson,MF,Costa Rica,20-224,2002,0.0,4,4,0,0,0,0,0,0,0,0,0,0,4,0,0
Robert Lewandowski,FW,Poland,34-112,1988,4.0,91,90,0,0,0,1,3,0,0,0,0,0,61,1,6
Robert Skov,DF,Denmark,26-205,1996,0.2,21,20,1,0,0,0,5,1,0,0,0,0,17,0,1
Roberto Alvarado,FW,Mexico,24-095,1998,0.2,10,9,1,0,0,0,2,1,0,0,0,0,5,0,0
Rodri,DF,Spain,26-172,1996,4.3,689,678,11,8,0,3,2,3,0,0,0,0,642,0,1
Rodrigo Bentancur,MF,Uruguay,25-169,1997,2.4,160,152,8,6,0,0,2,2,0,0,0,0,136,0,2
Rodrigo De Paul,MF,Argentina,28-201,1994,4.7,450,425,22,13,2,1,9,5,4,1,0,0,376,3,10
Rodrygo,MF,Brazil,21-336,2001,2.0,113,101,12,2,1,0,9,3,7,4,0,0,91,0,1
Rogelio Funes Mori,FW,Mexico,31-281,1991,0.1,0,0,0,0,0,0,0,0,0,0,0,0,0,0,0
Romain Saïss,DF,Morocco,32-260,1990,5.0,182,169,13,10,0,5,1,0,0,0,0,0,143,0,1
Romario Ibarra,MF,Ecuador,28-078,1994,0.8,14,14,0,0,0,0,0,0,0,0,0,0,10,0,0
Romelu Lukaku,FW,Belgium,29-212,1993,0.6,9,7,2,0,0,0,0,0,0,0,0,0,6,0,0
Roozbeh Cheshmi,DF,IR Iran,29-140,1993,0.6,11,10,1,1,0,0,0,0,0,0,0,0,7,0,0
Ruben Vargas,FW,Switzerland,24-128,1998,3.2,117,103,14,0,0,0,15,6,8,7,0,0,80,0,7
Rubin Colwill,MF,Wales,20-228,2002,0.1,4,4,0,0,0,1,0,0,0,0,0,0,2,0,0
Ró-Ró,DF,Qatar,32-127,1990,2.9,108,94,12,2,1,0,3,10,0,0,0,0,78,2,5
Rónald Matarrita,DF,Costa Rica,28-155,1994,0.3,29,26,3,2,0,0,3,1,0,0,0,0,18,0,2
Rúben Dias,DF,Portugal,25-211,1997,4.0,274,255,19,16,0,2,0,1,0,0,0,0,248,0,1
Rúben Neves,MF,Portugal,25-273,1997,3.0,257,251,5,5,0,4,2,0,0,0,0,0,235,1,3
Saad Al Sheeb,GK,Qatar,32-295,1990,1.0,20,13,7,3,0,0,0,0,0,0,0,0,18,0,0
Sadegh Moharrami,DF,IR Iran,26-285,1996,1.0,26,19,7,0,0,0,3,7,0,0,0,0,18,0,0
Saeid Ezatolahi,MF,IR Iran,26-071,1996,2.4,88,83,5,5,0,1,4,0,0,0,0,0,66,0,1
Saleh Al-Shehri,FW,Saudi Arabia,29-040,1993,2.5,47,39,8,0,1,0,1,0,0,0,0,0,29,0,7
Salem Al-Dawsari,MF,Saudi Arabia,31-114,1991,3.0,111,104,5,3,0,2,3,0,2,1,0,0,86,2,5
Salis Abdul Samed,MF,Ghana,22-260,2000,2.8,145,141,3,3,0,0,2,0,0,0,0,0,129,1,0
Salman Al-Faraj,MF,Saudi Arabia,33-132,1989,0.5,16,13,3,1,0,0,1,1,1,0,0,0,12,0,2
Sam Adekugbe,DF,Canada,27-329,1995,1.1,71,62,9,1,0,0,5,8,0,0,0,0,63,0,2
Saman Ghoddos,MF,IR Iran,29-096,1993,0.5,20,17,3,1,0,0,2,1,1,1,0,0,15,0,1
Sami Al-Najei,MF,Saudi Arabia,25-307,1997,0.5,21,18,3,0,0,0,5,0,3,1,2,0,13,0,0
Samuel Oum Gouet,MF,Cameroon,24-363,1997,1.1,59,59,0,0,0,1,1,0,0,0,0,0,52,0,0
Sardar Azmoun,FW,IR Iran,27-344,1995,1.4,30,27,2,0,0,0,0,0,0,0,0,0,18,1,1
Saud Abdulhamid,DF,Saudi Arabia,23-146,1999,3.0,122,94,28,2,0,1,9,26,0,0,0,0,88,0,3
Saša Lukić,MF,Serbia,26-120,1996,2.7,162,159,3,3,1,4,1,0,0,0,0,0,143,0,1
Sebastian Szymański,MF,Poland,23-215,1999,1.5,41,39,2,2,0,0,3,0,0,0,0,0,26,0,3
Sebastián Coates,DF,Uruguay,32-065,1990,2.0,93,90,3,3,0,1,0,0,0,0,0,0,76,0,0
Selim Amallah,MF,Morocco,26-026,1996,3.6,52,50,2,1,0,0,1,0,0,0,0,0,41,0,2
Serge Gnabry,FW,Germany,27-150,1995,2.9,118,112,4,0,0,0,7,4,0,0,0,0,86,2,8
Sergej Milinković-Savić,MF,Serbia,27-287,1995,2.6,120,118,2,2,2,2,1,0,0,0,0,0,87,0,4
Sergio Busquets,MF,Spain,34-148,1988,4.0,289,278,11,10,0,1,0,1,0,0,0,0,261,0,2
Sergio Rochet,GK,Uruguay,29-263,1993,3.0,78,49,29,5,0,0,0,0,0,0,0,0,54,0,0
Sergiño Dest,DF,United States,22-038,2000,3.4,200,176,24,2,0,1,9,22,0,0,0,0,172,0,5
Shaquell Moore,DF,United States,26-039,1996,0.2,21,20,1,0,0,0,0,1,0,0,0,0,14,0,0
Shogo Taniguchi,DF,Japan,31-149,1991,2.3,85,81,4,1,0,3,0,3,0,0,0,0,72,0,0
Shūichi Gonda,GK,Japan,33-283,1989,4.3,113,73,39,13,0,1,0,0,0,0,0,0,68,1,0
Silvan Widmer,DF,Switzerland,29-281,1993,2.9,169,137,31,3,0,0,2,28,0,0,0,0,127,1,4
Simon Kjær,DF,Denmark,33-260,1989,0.7,59,59,0,0,0,0,0,0,0,0,0,0,50,0,0
Sofiane Boufal,FW,Morocco,29-085,1993,3.9,92,90,1,1,0,3,5,0,0,0,0,0,71,1,1
Sofyan Amrabat,MF,Morocco,26-112,1996,5.3,190,182,5,4,0,2,0,1,0,0,0,0,158,3,2
Son Heung-min,FW,Korea Republic,30-156,1992,4.0,115,92,22,1,1,2,21,1,18,6,9,0,77,1,6
Son Jun-ho,MF,Korea Republic,30-213,1992,0.8,59,58,1,1,0,2,0,0,0,0,0,0,55,0,0
Sorba Thomas,MF,Wales,23-111,1999,0.0,4,3,1,1,0,0,1,0,0,0,0,0,3,0,0
Srđan Babić,DF,Serbia,26-233,1996,0.1,16,15,1,0,0,1,0,1,0,0,0,0,10,0,0
Stefan Mitrović,DF,Serbia,32-203,1990,0.4,21,21,0,0,0,0,0,0,0,0,0,0,18,0,0
Stephen Eustáquio,MF,Canada,25-355,1996,1.4,93,89,4,3,0,1,1,0,1,0,0,0,83,0,0
Steve Mandanda,GK,France,37-258,1985,1.0,31,19,12,3,0,0,0,0,0,0,0,0,19,0,0
Steven Berghuis,MF,Netherlands,30-357,1991,2.2,131,121,10,6,0,1,13,2,2,1,0,0,97,0,2
Steven Bergwijn,FW,Netherlands,25-064,1997,2.4,72,71,1,0,1,0,0,1,0,0,0,0,64,0,1
Steven Vitória,DF,Canada,35-334,1987,3.0,186,182,4,4,0,3,0,0,0,0,0,0,160,0,2
Strahinja Pavlović,DF,Serbia,21-201,2001,2.6,156,152,4,2,0,0,1,2,0,0,0,0,121,0,3
Sultan Al-Ghanam,DF,Saudi Arabia,28-219,1994,1.4,52,37,15,1,0,0,7,14,0,0,0,0,34,0,3
Taha Yassine Khenissi,FW,Tunisia,30-339,1992,0.3,6,6,0,0,0,0,0,0,0,0,0,0,2,0,2
Tajon Buchanan,MF,Canada,23-306,1999,2.9,89,81,8,0,0,0,8,8,0,0,0,0,61,0,4
Takefusa Kubo,FW,Japan,21-190,2001,1.0,11,11,0,0,0,0,0,0,0,0,0,0,6,0,1
Takehiro Tomiyasu,DF,Japan,24-036,1998,2.1,103,91,12,5,0,0,0,7,0,0,0,0,73,0,0
Takuma Asano,FW,Japan,28-031,1994,1.8,28,28,0,0,0,0,1,0,0,0,0,0,21,0,0
Takumi Minamino,FW,Japan,27-329,1995,0.7,22,20,2,1,0,0,3,0,0,0,0,0,14,0,2
Tarek Salman,DF,Qatar,25-006,1997,0.1,10,10,0,0,0,0,1,0,0,0,0,0,7,0,1
Tariq Lamptey,DF,Ghana,22-072,2000,1.1,34,24,10,0,0,0,3,10,0,0,0,0,21,0,1
Teun Koopmeiners,MF,Netherlands,24-286,1998,2.4,119,112,5,4,0,1,2,1,0,0,0,0,90,2,5
Theo Hernández,DF,France,25-066,1997,3.9,254,219,35,6,0,1,10,29,0,0,0,0,227,0,3
Thiago Almada,MF,Argentina,21-229,2001,0.1,13,13,0,0,0,0,0,0,0,0,0,0,13,0,0
Thiago Silva,DF,Brazil,38-080,1984,4.3,345,331,14,14,2,2,1,0,0,0,0,0,323,0,1
Thibaut Courtois,GK,Belgium,30-214,1992,3.0,123,84,39,3,0,0,0,0,0,0,0,0,108,0,0
Thilo Kehrer,DF,Germany,26-081,1996,0.8,29,24,5,0,0,0,0,5,0,0,0,0,22,0,2
Thomas Delaney,MF,Denmark,31-099,1991,0.5,29,28,1,1,0,0,1,0,0,0,0,0,24,0,1
Thomas Meunier,DF,Belgium,31-090,1991,2.3,147,130,17,2,1,2,6,15,0,0,0,0,110,0,5
Thomas Müller,FW,Germany,33-089,1989,2.2,78,73,4,0,0,0,5,3,0,0,0,0,56,1,4
Thomas Partey,MF,Ghana,29-181,1993,3.0,176,171,5,5,0,1,1,0,0,0,0,0,146,0,2
Thorgan Hazard,FW,Belgium,29-257,1993,1.2,58,43,14,1,0,0,9,6,7,3,3,0,40,1,2
Tim Ream,DF,United States,35-067,1987,4.0,276,269,7,5,0,4,0,2,0,0,0,0,245,0,2
Timothy Castagne,DF,Belgium,27-006,1995,3.0,202,183,19,4,0,0,3,15,0,0,0,0,176,0,4
Timothy Weah,FW,United States,22-292,2000,3.5,108,107,1,0,0,1,8,1,0,0,0,0,90,0,4
Toby Alderweireld,DF,Belgium,33-284,1989,3.0,273,270,3,3,2,2,2,0,0,0,0,0,248,0,2
Trent Alexander-Arnold,DF,England,24-065,1998,0.4,23,20,2,1,0,0,0,1,0,0,0,0,21,1,0
Tyler Adams,MF,United States,23-300,1999,4.0,271,255,14,11,1,4,2,3,0,0,0,0,241,2,4
Unai Simón,GK,Spain,25-183,1997,4.3,160,136,24,2,0,0,0,0,0,0,0,0,150,0,0
Uriel Antuna,FW,Mexico,25-112,1997,0.9,20,19,1,0,0,0,7,1,0,0,0,0,12,0,3
Vanja Milinković-Savić,GK,Serbia,25-294,1997,3.0,125,97,28,7,0,0,0,0,0,0,0,0,90,0,0
Victor Nelsson,DF,Denmark,24-058,1998,1.0,74,71,3,3,0,3,0,0,0,0,0,0,69,0,0
Vincent Aboubakar,FW,Cameroon,30-323,1992,1.6,31,31,0,0,1,0,0,0,0,0,0,0,20,0,1
Vincent Janssen,FW,Netherlands,28-179,1994,1.0,20,19,1,0,0,0,0,0,0,0,0,0,16,0,1
Vinicius Júnior,FW,Brazil,22-152,2000,3.3,90,88,2,0,0,0,12,2,0,0,0,0,68,0,4
Virgil van Dijk,DF,Netherlands,31-156,1991,5.3,356,336,19,19,1,4,0,0,0,0,0,0,311,1,0
Vitinha,MF,Portugal,22-301,2000,1.3,108,104,3,1,0,1,2,1,1,0,1,0,100,1,0
Wahbi Khazri,FW,Tunisia,31-306,1991,0.9,20,16,3,1,0,0,2,0,2,2,0,0,13,1,1
Wajdi Kechrida,DF,Tunisia,27-036,1995,1.2,69,48,21,0,0,0,5,21,0,0,0,0,44,0,6
Walid Cheddira,FW,Morocco,24-323,1998,0.7,8,8,0,0,0,0,0,0,0,0,0,0,4,0,1
Walker Zimmerman,DF,United States,29-206,1993,3.1,244,239,4,3,0,0,0,1,0,0,0,0,217,1,3
Wataru Endo,MF,Japan,29-305,1993,3.4,192,188,4,3,1,0,2,0,0,0,0,0,155,0,7
Wayne Hennessey,GK,Wales,35-321,1987,1.9,66,46,20,4,0,1,0,0,0,0,0,0,50,0,0
Weston McKennie,MF,United States,24-105,1998,3.0,153,141,11,2,0,2,1,9,0,0,0,0,117,1,2
William Carvalho,MF,Portugal,30-248,1992,2.4,170,164,5,5,0,0,0,0,0,0,0,0,156,1,1
William Saliba,DF,France,21-262,2001,0.3,37,37,0,0,0,0,0,0,0,0,0,0,37,0,0
Wojciech Szczęsny,GK,Poland,32-237,1990,4.0,142,90,52,19,0,3,0,0,0,0,0,0,84,0,0
Wout Weghorst,FW,Netherlands,30-126,1992,0.7,15,15,0,0,0,0,0,0,0,0,0,0,9,0,0
Wéverton,GK,Brazil,34-363,1987,0.1,5,2,3,1,0,0,0,0,0,0,0,0,3,0,0
Xavi Simons,FW,Netherlands,19-234,2003,0.1,10,10,0,0,0,0,0,0,0,0,0,0,6,0,1
Xherdan Shaqiri,FW,Switzerland,31-062,1991,2.5,104,90,13,2,0,0,15,1,9,8,1,0,67,1,5
Yahya Attiat Allah,DF,Morocco,27-284,1995,2.0,61,43,18,1,0,0,3,17,0,0,0,0,38,0,2
Yahya Jabrane,MF,Morocco,31-176,1991,0.2,,,,,,,0,,,,,,,,
Yann Sommer,GK,Switzerland,33-359,1988,3.0,118,97,21,2,0,0,0,0,0,0,0,0,108,0,0
Yannick Carrasco,FW,Belgium,29-098,1993,1.3,46,43,3,1,1,0,2,2,0,0,0,0,39,0,0
Yasser Al-Shahrani,DF,Saudi Arabia,30-200,1992,1.0,29,22,7,1,0,0,1,6,0,0,0,0,13,0,1
Yassine Bounou,GK,Morocco,31-250,1991,4.3,133,84,47,12,0,0,0,0,0,0,0,0,85,2,0
Yassine Meriah,DF,Tunisia,29-162,1993,3.0,171,163,8,7,2,1,2,1,0,0,0,0,139,0,1
Yeltsin Tejeda,MF,Costa Rica,30-269,1992,3.0,99,97,1,1,0,2,0,0,0,0,0,0,78,1,1
Youri Tielemans,MF,Belgium,25-218,1997,1.1,64,60,4,1,0,0,1,2,0,0,0,0,53,0,0
Youssef En-Nesyri,FW,Morocco,25-193,1997,4.3,62,55,5,0,0,0,0,0,0,0,0,0,37,2,0
Youssef Msakni,MF,Tunisia,32-044,1990,1.9,69,61,8,4,2,3,2,3,1,0,0,0,50,0,3
Youssouf Fofana,MF,France,23-335,1999,1.2,68,66,2,2,0,0,0,0,0,0,0,0,60,0,2
Youssouf Sabaly,DF,Senegal,29-281,1993,4.0,219,191,27,0,3,1,7,27,0,0,0,0,189,1,1
Youssoufa Moukoko,FW,Germany,18-021,2004,0.0,2,2,0,0,0,0,1,0,0,0,0,0,1,0,0
Youstin Salas,DF,Costa Rica,26-177,1996,0.5,19,15,4,0,0,0,0,4,0,0,0,0,15,0,0
Yuki Soma,FW,Japan,25-289,1997,0.9,19,11,8,2,0,0,6,3,3,3,0,0,11,0,1
Yunus Musah,MF,United States,20-012,2002,3.8,182,179,3,1,0,1,8,2,0,0,0,0,151,0,7
Yuto Nagatomo,MF,Japan,36-090,1986,2.3,109,88,17,3,0,0,6,14,0,0,0,0,78,4,1
Zakaria Aboukhlal,MF,Morocco,22-296,2000,0.6,11,10,1,0,0,0,1,1,0,0,0,0,5,0,0
Álvaro Morata,FW,Spain,30-049,1992,2.1,41,40,1,0,1,1,0,0,0,0,0,0,28,0,1
Álvaro Zamora,MF,Costa Rica,20-277,2002,0.3,5,5,0,0,0,0,0,0,0,0,0,0,5,0,0
Ángel Di María,MF,Argentina,34-300,1988,2.5,136,125,11,0,0,1,24,1,10,4,2,0,102,0,7
Ángelo Preciado,DF,Ecuador,24-296,1998,2.9,129,98,30,2,0,0,8,28,0,0,0,0,94,1,0
Éder Militão,DF,Brazil,24-327,1998,3.9,277,252,25,6,0,4,3,19,0,0,0,0,251,0,1
Óscar Duarte,DF,Costa Rica,33-191,1989,3.0,98,89,8,4,0,1,0,3,0,0,0,0,68,1,2
İlkay Gündoğan,MF,Germany,32-048,1990,2.1,168,164,4,4,1,1,1,0,0,0,0,0,150,0,4
